epoch,time,train/box_loss,train/seg_loss,train/cls_loss,train/dfl_loss,train/sem_loss,metrics/precision(B),metrics/recall(B),metrics/mAP50(B),metrics/mAP50-95(B),metrics/precision(M),metrics/recall(M),metrics/mAP50(M),metrics/mAP50-95(M),val/box_loss,val/seg_loss,val/cls_loss,val/dfl_loss,val/sem_loss,lr/pg0,lr/pg1,lr/pg2
1,15.6764,1.37533,3.79343,3.1776,1.20014,0,0.0025,0.48387,0.00535,0.00161,0,0,0,0,3.16124,157.009,4.36419,2.92611,0,9e-05,9e-05,0.09109
2,30.9803,1.63437,3.59524,2.89589,1.26872,0,0.00272,0.35484,0.02102,0.00827,0.00123,0.16129,0.00199,0.00026,2.65877,139.122,4.17969,2.16819,0,0.00018373,0.00018373,0.0811837
3,42.5769,1.34111,2.90903,2.38627,1.18107,0,0.00327,0.51613,0.03302,0.01374,0.00245,0.3871,0.00828,0.00229,2.28986,77.0261,3.76415,1.76431,0,0.00027086,0.00027086,0.0712709
4,54.8684,1.32734,2.80202,2.19083,1.17702,0,0.00339,0.58065,0.04279,0.02603,0.00226,0.3871,0.015,0.0041,2.07208,36.535,3.72757,1.56954,0,0.00035139,0.00035139,0.0613514
5,65.9576,1.2919,2.7598,1.92052,1.14434,0,0.00361,0.64516,0.05808,0.03541,0.00253,0.45161,0.03178,0.01034,1.92463,21.6812,3.58655,1.44168,0,0.00042532,0.00042532,0.0514253
6,80.808,1.17365,2.43362,1.81515,1.07227,0,0.12696,0.16129,0.07582,0.04692,0.12696,0.16129,0.06508,0.02999,1.67795,10.6204,3.38837,1.36889,0,0.00049265,0.00049265,0.0414927
7,96.1072,1.36834,2.74445,2.03533,1.17228,0,0.21084,0.03226,0.12516,0.08404,0.21084,0.03226,0.10898,0.06585,1.76547,6.56589,3.29689,1.31423,0,0.00055338,0.00055338,0.0315534
8,114.908,1.17458,2.25725,1.81208,1.13657,0,0.26014,0.06452,0.1477,0.09853,0.26014,0.06452,0.1404,0.08581,1.7052,5.94789,3.26886,1.37105,0,0.00060751,0.00060751,0.0216075
9,129.055,1.37625,2.55154,2.00299,1.17572,0,0.22201,0.09677,0.13839,0.07796,0.22201,0.09677,0.13383,0.0569,1.72463,6.14876,3.19783,1.39627,0,0.00065504,0.00065504,0.011655
10,144.049,1.22553,2.32531,1.79651,1.09816,0,0.17324,0.12903,0.14906,0.09677,0.22762,0.16129,0.16061,0.07437,1.78076,5.20175,3.18366,1.40798,0,0.00069597,0.00069597,0.00169597
11,157.342,1.20323,2.17888,1.78368,1.08972,0,0.18851,0.12903,0.19441,0.12175,0.24319,0.16129,0.19903,0.10711,1.86202,4.75866,3.16123,1.41341,0,0.00067,0.00067,0.00067
12,170.42,1.21066,2.00898,1.70338,1.08924,0,0.26091,0.22581,0.1993,0.12184,0.3025,0.25806,0.21254,0.11876,1.85511,4.42616,3.09888,1.43813,0,0.000637,0.000637,0.000637
13,184.525,1.33432,2.45234,1.8833,1.14364,0,0.32443,0.32258,0.19232,0.1224,0.36102,0.35484,0.21404,0.1129,1.90058,4.26274,3.02241,1.48844,0,0.000604,0.000604,0.000604
14,198.923,1.23051,2.21779,1.6437,1.1238,0,0.4225,0.3871,0.24791,0.15326,0.4225,0.3871,0.24771,0.12346,1.95498,4.21499,2.82121,1.53434,0,0.000571,0.000571,0.000571
15,212.713,1.20494,2.19928,1.55056,1.08109,0,0.39218,0.3871,0.26495,0.17205,0.39218,0.3871,0.26366,0.13321,1.90449,4.31376,2.71885,1.49891,0,0.000538,0.000538,0.000538
16,226.431,1.15125,2.1627,1.62232,1.08005,0,0.30216,0.29341,0.2351,0.15431,0.30216,0.29341,0.24046,0.12139,1.9562,4.25362,2.80972,1.54923,0,0.000505,0.000505,0.000505
17,238.413,1.1323,1.96847,1.57201,1.07712,0,0.37636,0.23391,0.17984,0.12702,0.37636,0.23391,0.17952,0.09513,1.94496,4.24639,2.89719,1.54879,0,0.000472,0.000472,0.000472
18,251.928,1.12853,1.8796,1.59529,1.05397,0,0.53271,0.25746,0.19084,0.12295,0.53271,0.25746,0.20542,0.12222,1.91254,4.15803,3.08084,1.54903,0,0.000439,0.000439,0.000439
19,265.367,1.27831,2.05405,1.6743,1.14063,0,0.47618,0.22581,0.168,0.12149,0.47618,0.22581,0.16894,0.11975,1.95831,4.24779,3.19216,1.56028,0,0.000406,0.000406,0.000406
20,278.957,1.1657,2.14219,1.52072,1.05879,0,0.36422,0.19355,0.16047,0.11294,0.27165,0.26486,0.1589,0.1052,1.91395,4.6739,3.17065,1.53504,0,0.000373,0.000373,0.000373
21,291.826,1.1998,1.90103,1.93166,1.06633,0,0.26727,0.35484,0.17818,0.11303,0.23636,0.2997,0.16456,0.10725,1.86057,4.77492,3.20045,1.51662,0,0.00034,0.00034,0.00034
22,303.706,1.12272,1.87083,1.79244,1.07373,0,0.36411,0.2774,0.17216,0.13011,0.4407,0.22581,0.16335,0.10186,1.7409,4.40533,3.13253,1.46042,0,0.000307,0.000307,0.000307
23,315.972,1.12793,1.83809,1.7909,1.05958,0,0.37066,0.24734,0.19069,0.13754,0.41959,0.22581,0.18961,0.11229,1.75146,4.21749,3.0355,1.47795,0,0.000274,0.000274,0.000274
24,328.649,1.10939,1.7312,1.80117,1.01582,0,0.39223,0.25806,0.20078,0.14574,0.39223,0.25806,0.20155,0.1256,1.78554,4.05712,2.94076,1.50696,0,0.000241,0.000241,0.000241
25,341.554,1.14031,1.76967,1.71195,1.09904,0,0.30933,0.25806,0.1951,0.13863,0.31127,0.25806,0.19265,0.11649,1.759,4.09501,2.89327,1.50917,0,0.000208,0.000208,0.000208
26,355.584,1.00469,1.56107,1.60892,1.04312,0,0.44972,0.22581,0.21326,0.14963,0.44972,0.22581,0.21262,0.12169,1.78991,4.0322,2.83076,1.50289,0,0.000175,0.000175,0.000175
27,368.415,1.08427,1.65803,1.70439,1.05036,0,0.52408,0.25806,0.25559,0.18011,0.52408,0.25806,0.25123,0.14526,1.81507,3.92941,2.83229,1.51771,0,0.000142,0.000142,0.000142
28,381.17,0.97901,1.64913,1.54745,1.00754,0,0.43042,0.25806,0.24571,0.16673,0.43042,0.25806,0.24062,0.13317,1.84316,3.90782,2.82855,1.54251,0,0.000109,0.000109,0.000109
29,395.71,0.98986,1.73153,1.50676,0.99996,0,0.41018,0.25806,0.22359,0.1598,0.41018,0.25806,0.22,0.12644,1.81612,3.85495,2.82541,1.52184,0,7.6e-05,7.6e-05,7.6e-05
30,408.941,1.05587,1.61736,1.52318,0.99579,0,0.43879,0.29032,0.25385,0.18563,0.43879,0.29032,0.24779,0.14041,1.85014,3.7746,2.84231,1.55181,0,4.3e-05,4.3e-05,4.3e-05
